{
        "W06000018": {
            "name": "Caerphilly / Caerffili",
            "country": "Wales"
        },
        "N09000004": {
            "name": "Causeway Coast and Glens",
            "country": "NorthernIreland"
        },
        "S12000008": {
            "name": "East Ayrshire",
            "country": "Scotland"
        },
        "E07000034": {
            "name": "Chesterfield",
            "country": "England"
        },
        "E07000063": {
            "name": "Lewes",
            "country": "England"
        },
        "E08000006": {
            "name": "Salford",
            "country": "England"
        },
        "E07000078": {
            "name": "Cheltenham",
            "country": "England"
        },
        "E07000092": {
            "name": "Rushmoor",
            "country": "England"
        },
        "E08000035": {
            "name": "Leeds",
            "country": "England"
        },
        "E07000112": {
            "name": "Folkestone and Hythe",
            "country": "England"
        },
        "E09000007": {
            "name": "Camden",
            "country": "England"
        },
        "E07000141": {
            "name": "South Kesteven",
            "country": "England"
        },
        "E09000021": {
            "name": "Kingston upon Thames",
            "country": "England"
        },
        "E07000127": {
            "name": "West Lancashire",
            "country": "England"
        },
        "E07000156": {
            "name": "Wellingborough",
            "country": "England"
        },
        "E07000170": {
            "name": "Ashfield",
            "country": "England"
        },
        "E06000009": {
            "name": "Blackpool",
            "country": "England"
        },
        "E06000023": {
            "name": "City of Bristol",
            "country": "England"
        },
        "E07000234": {
            "name": "Bromsgrove",
            "country": "England"
        },
        "E06000038": {
            "name": "Reading",
            "country": "England"
        },
        "W06000008": {
            "name": "Ceredigion",
            "country": "Wales"
        },
        "W06000022": {
            "name": "Newport / Casnewydd",
            "country": "Wales"
        },
        "E06000052": {
            "name": "Cornwall",
            "country": "England"
        },
        "N09000009": {
            "name": "Mid Ulster",
            "country": "Nothern Island"
        },
        "E07000039": {
            "name": "South Derbyshire",
            "country": "England"
        },
        "S12000027": {
            "name": "Shetland Islands",
            "country": "Scotland"
        },
        "S12000041": {
            "name": "Angus",
            "country": "Scotland"
        },
        "E08000010": {
            "name": "Wigan",
            "country": "England"
        },
        "E07000068": {
            "name": "Brentwood",
            "country": "England"
        },
        "E07000082": {
            "name": "Stroud",
            "country": "England"
        },
        "E08000025": {
            "name": "Birmingham",
            "country": "England"
        },
        "E07000102": {
            "name": "Three Rivers",
            "country": "England"
        },
        "E07000117": {
            "name": "Burnley",
            "country": "England"
        },
        "E09000011": {
            "name": "Greenwich",
            "country": "England"
        },
        "E07000131": {
            "name": "Harborough",
            "country": "England"
        },
        "E07000146": {
            "name": "King's Lynn and West Norfolk",
            "country": "England"
        },
        "E09000026": {
            "name": "Redbridge",
            "country": "England"
        },
        "E07000175": {
            "name": "Newark and Sherwood",
            "country": "England"
        },
        "E06000013": {
            "name": "North Lincolnshire",
            "country": "England"
        },
        "E07000224": {
            "name": "Arun",
            "country": "England"
        },
        "E07000239": {
            "name": "Wyre Forest",
            "country": "England"
        },
        "E06000042": {
            "name": "Milton Keynes",
            "country": "England"
        },
        "W06000012": {
            "name": "Neath Port Talbot / Castell-nedd Port Talbot",
            "country": "Wales"
        },
        "E06000057": {
            "name": "Northumberland",
            "country": "England"
        },
        "E07000029": {
            "name": "Copeland",
            "country": "England"
        },
        "E07000043": {
            "name": "North Devon",
            "country": "England"
        },
        "S12000017": {
            "name": "Highland",
            "country": "Scotland"
        },
        "E07000072": {
            "name": "Epping Forest",
            "country": "England"
        },
        "E08000015": {
            "name": "Wirral",
            "country": "England"
        },
        "E07000087": {
            "name": "Fareham",
            "country": "England"
        },
        "E07000107": {
            "name": "Dartford",
            "country": "England"
        },
        "E07000121": {
            "name": "Lancaster",
            "country": "England"
        },
        "E09000001": {
            "name": "City of London",
            "country": "England"
        },
        "E09000016": {
            "name": "Havering",
            "country": "England"
        },
        "E07000150": {
            "name": "Corby",
            "country": "England"
        },
        "E09000030": {
            "name": "Tower Hamlets",
            "country": "England"
        },
        "E07000136": {
            "name": "Boston",
            "country": "England"
        },
        "E07000165": {
            "name": "Harrogate",
            "country": "England"
        },
        "E07000194": {
            "name": "Lichfield",
            "country": "England"
        },
        "E06000003": {
            "name": "Redcar and Cleveland",
            "country": "England"
        },
        "E07000214": {
            "name": "Surrey Heath",
            "country": "England"
        },
        "E07000229": {
            "name": "Worthing",
            "country": "England"
        },
        "E06000032": {
            "name": "Luton",
            "country": "England"
        },
        "W06000002": {
            "name": "Gwynedd",
            "country": "Wales"
        },
        "E06000018": {
            "name": "Nottingham",
            "country": "England"
        },
        "E06000047": {
            "name": "County Durham",
            "country": "England"
        },
        "E07000243": {
            "name": "Stevenage",
            "country": "England"
        },
        "N09000003": {
            "name": "Belfast",
            "country": "Nothern Island"
        },
        "E07000033": {
            "name": "Bolsover",
            "country": "England"
        },
        "S12000021": {
            "name": "North Ayrshire",
            "country": "Scotland"
        },
        "E07000062": {
            "name": "Hastings",
            "country": "England"
        },
        "S12000050": {
            "name": "North Lanarkshire",
            "country": "Scotland"
        },
        "S12000036": {
            "name": "City of Edinburgh",
            "country": "Scotland"
        },
        "E07000077": {
            "name": "Uttlesford",
            "country": "England"
        },
        "E07000091": {
            "name": "New Forest",
            "country": "England"
        },
        "E08000005": {
            "name": "Rochdale",
            "country": "England"
        },
        "E08000034": {
            "name": "Kirklees",
            "country": "England"
        },
        "E07000111": {
            "name": "Sevenoaks",
            "country": "England"
        },
        "E09000006": {
            "name": "Bromley",
            "country": "England"
        },
        "E07000140": {
            "name": "South Holland",
            "country": "England"
        },
        "E07000126": {
            "name": "South Ribble",
            "country": "England"
        },
        "E09000020": {
            "name": "Kensington and Chelsea",
            "country": "England"
        },
        "E07000155": {
            "name": "South Northamptonshire",
            "country": "England"
        },
        "E07000199": {
            "name": "Tamworth",
            "country": "England"
        },
        "E06000008": {
            "name": "Blackburn with Darwen",
            "country": "England"
        },
        "E07000219": {
            "name": "Nuneaton and Bedworth",
            "country": "England"
        },
        "E06000022": {
            "name": "Bath and North East Somerset",
            "country": "England"
        },
        "E06000037": {
            "name": "West Berkshire",
            "country": "England"
        },
        "E06000051": {
            "name": "Shropshire",
            "country": "England"
        },
        "W06000021": {
            "name": "Monmouthshire / Sir Fynwy",
            "country": "Wales"
        },
        "E07000009": {
            "name": "East Cambridgeshire",
            "country": "England"
        },
        "N09000008": {
            "name": "Mid and East Antrim",
            "country": "Nothern Island"
        },
        "S12000011": {
            "name": "East Renfrewshire",
            "country": "Scotland"
        },
        "E07000038": {
            "name": "North East Derbyshire",
            "country": "England"
        },
        "S12000026": {
            "name": "Scottish Borders",
            "country": "Scotland"
        },
        "S12000040": {
            "name": "West Lothian",
            "country": "Scotland"
        },
        "E07000067": {
            "name": "Braintree",
            "country": "England"
        },
        "E07000081": {
            "name": "Gloucester",
            "country": "England"
        },
        "E08000024": {
            "name": "Sunderland",
            "country": "England"
        },
        "E07000096": {
            "name": "Dacorum",
            "country": "England"
        },
        "E07000116": {
            "name": "Tunbridge Wells",
            "country": "England"
        },
        "E07000130": {
            "name": "Charnwood",
            "country": "England"
        },
        "E09000010": {
            "name": "Enfield",
            "country": "England"
        },
        "E07000145": {
            "name": "Great Yarmouth",
            "country": "England"
        },
        "E09000025": {
            "name": "Newham",
            "country": "England"
        },
        "E07000174": {
            "name": "Mansfield",
            "country": "England"
        },
        "E07000189": {
            "name": "South Somerset",
            "country": "England"
        },
        "E07000209": {
            "name": "Guildford",
            "country": "England"
        },
        "E06000012": {
            "name": "North East Lincolnshire",
            "country": "England"
        },
        "E07000223": {
            "name": "Adur",
            "country": "England"
        },
        "E06000027": {
            "name": "Torbay",
            "country": "England"
        },
        "E06000041": {
            "name": "Wokingham",
            "country": "England"
        },
        "W06000011": {
            "name": "Swansea / Abertawe",
            "country": "Wales"
        },
        "E07000238": {
            "name": "Wychavon",
            "country": "England"
        },
        "E06000056": {
            "name": "Central Bedfordshire",
            "country": "England"
        },
        "E07000028": {
            "name": "Carlisle",
            "country": "England"
        },
        "E07000042": {
            "name": "Mid Devon",
            "country": "England"
        },
        "S12000030": {
            "name": "Stirling",
            "country": "Scotland"
        },
        "E07000071": {
            "name": "Colchester",
            "country": "England"
        },
        "E08000014": {
            "name": "Sefton",
            "country": "England"
        },
        "S12000045": {
            "name": "East Dunbartonshire",
            "country": "Scotland"
        },
        "E07000086": {
            "name": "Eastleigh",
            "country": "England"
        },
        "E08000029": {
            "name": "Solihull",
            "country": "England"
        },
        "E07000106": {
            "name": "Canterbury",
            "country": "England"
        },
        "E07000120": {
            "name": "Hyndburn",
            "country": "England"
        },
        "E07000135": {
            "name": "Oadby and Wigston",
            "country": "England"
        },
        "E09000015": {
            "name": "Harrow",
            "country": "England"
        },
        "E07000164": {
            "name": "Hambleton",
            "country": "England"
        },
        "E07000179": {
            "name": "South Oxfordshire",
            "country": "England"
        },
        "E07000193": {
            "name": "East Staffordshire",
            "country": "England"
        },
        "E07000213": {
            "name": "Spelthorne",
            "country": "England"
        },
        "E06000002": {
            "name": "Middlesbrough",
            "country": "England"
        },
        "E06000017": {
            "name": "Rutland",
            "country": "England"
        },
        "E06000031": {
            "name": "Peterborough",
            "country": "England"
        },
        "W06000001": {
            "name": "Isle of Anglesey / Ynys Môn",
            "country": "Wales"
        },
        "E07000242": {
            "name": "East Hertfordshire",
            "country": "England"
        },
        "E06000046": {
            "name": "Isle of Wight",
            "country": "England"
        },
        "E06000060": {
            "name": "Buckinghamshire",
            "country": "England"
        },
        "N09000002": {
            "name": "Armagh City, Banbridge and Craigavon",
            "country": "Nothern Island"
        },
        "W06000016": {
            "name": "Rhondda Cynon Taf",
            "country": "Wales"
        },
        "E07000228": {
            "name": "Mid Sussex",
            "country": "England"
        },
        "S12000006": {
            "name": "Dumfries and Galloway",
            "country": "Scotland"
        },
        "S12000020": {
            "name": "Moray",
            "country": "Scotland"
        },
        "E07000032": {
            "name": "Amber Valley",
            "country": "England"
        },
        "E07000047": {
            "name": "West Devon",
            "country": "England"
        },
        "E07000061": {
            "name": "Eastbourne",
            "country": "England"
        },
        "E08000004": {
            "name": "Oldham",
            "country": "England"
        },
        "S12000035": {
            "name": "Argyll and Bute",
            "country": "Scotland"
        },
        "E07000076": {
            "name": "Tendring",
            "country": "England"
        },
        "E08000019": {
            "name": "Sheffield",
            "country": "England"
        },
        "E08000033": {
            "name": "Calderdale",
            "country": "England"
        },
        "E07000090": {
            "name": "Havant",
            "country": "England"
        },
        "E07000110": {
            "name": "Maidstone",
            "country": "England"
        },
        "E07000125": {
            "name": "Rossendale",
            "country": "England"
        },
        "E09000005": {
            "name": "Brent",
            "country": "England"
        },
        "E07000154": {
            "name": "Northampton",
            "country": "England"
        },
        "E07000169": {
            "name": "Selby",
            "country": "England"
        },
        "E07000198": {
            "name": "Staffordshire Moorlands",
            "country": "England"
        },
        "E07000203": {
            "name": "Mid Suffolk",
            "country": "England"
        },
        "E07000218": {
            "name": "North Warwickshire",
            "country": "England"
        },
        "E06000007": {
            "name": "Warrington",
            "country": "England"
        },
        "E06000021": {
            "name": "Stoke-on-Trent",
            "country": "England"
        },
        "E06000036": {
            "name": "Bracknell Forest",
            "country": "England"
        },
        "W06000006": {
            "name": "Wrexham / Wrecsam",
            "country": "Wales"
        },
        "W06000020": {
            "name": "Torfaen",
            "country": "Wales"
        },
        "E06000050": {
            "name": "Cheshire West and Chester",
            "country": "England"
        },
        "E07000008": {
            "name": "Cambridge",
            "country": "England"
        },
        "N09000007": {
            "name": "Lisburn and Castlereagh",
            "country": "Nothern Island"
        },
        "S12000010": {
            "name": "East Lothian",
            "country": "Scotland"
        },
        "E07000037": {
            "name": "High Peak",
            "country": "England"
        },
        "E07000066": {
            "name": "Basildon",
            "country": "England"
        },
        "E07000080": {
            "name": "Forest of Dean",
            "country": "England"
        },
        "E08000023": {
            "name": "South Tyneside",
            "country": "England"
        },
        "E08000009": {
            "name": "Trafford",
            "country": "England"
        },
        "E07000095": {
            "name": "Broxbourne",
            "country": "England"
        },
        "E07000115": {
            "name": "Tonbridge and Malling",
            "country": "England"
        },
        "E09000024": {
            "name": "Merton",
            "country": "England"
        },
        "E07000144": {
            "name": "Broadland",
            "country": "England"
        },
        "E07000173": {
            "name": "Gedling",
            "country": "England"
        },
        "E07000188": {
            "name": "Sedgemoor",
            "country": "England"
        },
        "E07000208": {
            "name": "Epsom and Ewell",
            "country": "England"
        },
        "E07000222": {
            "name": "Warwick",
            "country": "England"
        },
        "E06000011": {
            "name": "East Riding of Yorkshire",
            "country": "England"
        },
        "E07000237": {
            "name": "Worcester",
            "country": "England"
        },
        "E06000040": {
            "name": "Windsor and Maidenhead",
            "country": "England"
        },
        "W06000010": {
            "name": "Carmarthenshire / Sir Gaerfyrddin",
            "country": "Wales"
        },
        "E06000026": {
            "name": "Plymouth",
            "country": "England"
        },
        "E06000055": {
            "name": "Bedford",
            "country": "England"
        },
        "E07000012": {
            "name": "South Cambridgeshire",
            "country": "England"
        },
        "N09000011": {
            "name": "Ards and North Down",
            "country": "Nothern Island"
        },
        "E07000027": {
            "name": "Barrow-in-Furness",
            "country": "England"
        },
        "E07000041": {
            "name": "Exeter",
            "country": "England"
        },
        "E07000070": {
            "name": "Chelmsford",
            "country": "England"
        },
        "E08000013": {
            "name": "St. Helens",
            "country": "England"
        },
        "E07000085": {
            "name": "East Hampshire",
            "country": "England"
        },
        "E08000028": {
            "name": "Sandwell",
            "country": "England"
        },
        "E07000105": {
            "name": "Ashford",
            "country": "England"
        },
        "E09000014": {
            "name": "Haringey",
            "country": "England"
        },
        "E07000134": {
            "name": "North West Leicestershire",
            "country": "England"
        },
        "E07000149": {
            "name": "South Norfolk",
            "country": "England"
        },
        "E07000163": {
            "name": "Craven",
            "country": "England"
        },
        "E09000029": {
            "name": "Sutton",
            "country": "England"
        },
        "E07000178": {
            "name": "Oxford",
            "country": "England"
        },
        "E07000192": {
            "name": "Cannock Chase",
            "country": "England"
        },
        "E07000212": {
            "name": "Runnymede",
            "country": "England"
        },
        "E06000001": {
            "name": "Hartlepool",
            "country": "England"
        },
        "E06000016": {
            "name": "Leicester",
            "country": "England"
        },
        "E07000241": {
            "name": "Welwyn Hatfield",
            "country": "England"
        },
        "E07000227": {
            "name": "Horsham",
            "country": "England"
        },
        "E06000030": {
            "name": "Swindon",
            "country": "England"
        },
        "E06000045": {
            "name": "Southampton",
            "country": "England"
        },
        "W06000015": {
            "name": "Cardiff / Caerdydd",
            "country": "Wales"
        },
        "N09000001": {
            "name": "Antrim and Newtownabbey",
            "country": "Nothern Island"
        },
        "S12000005": {
            "name": "Clackmannanshire",
            "country": "Scotland"
        },
        "E07000031": {
            "name": "South Lakeland",
            "country": "England"
        },
        "E07000046": {
            "name": "Torridge",
            "country": "England"
        },
        "S12000034": {
            "name": "Aberdeenshire",
            "country": "Scotland"
        },
        "E08000003": {
            "name": "Manchester",
            "country": "England"
        },
        "S12000049": {
            "name": "Glasgow City",
            "country": "Scotland"
        },
        "E07000075": {
            "name": "Rochford",
            "country": "England"
        },
        "E08000032": {
            "name": "Bradford",
            "country": "England"
        },
        "E08000018": {
            "name": "Rotherham",
            "country": "England"
        },
        "E07000124": {
            "name": "Ribble Valley",
            "country": "England"
        },
        "E09000004": {
            "name": "Bexley",
            "country": "England"
        },
        "E07000139": {
            "name": "North Kesteven",
            "country": "England"
        },
        "E09000019": {
            "name": "Islington",
            "country": "England"
        },
        "E07000153": {
            "name": "Kettering",
            "country": "England"
        },
        "E09000033": {
            "name": "Westminster",
            "country": "England"
        },
        "E07000168": {
            "name": "Scarborough",
            "country": "England"
        },
        "E07000197": {
            "name": "Stafford",
            "country": "England"
        },
        "E07000202": {
            "name": "Ipswich",
            "country": "England"
        },
        "E07000217": {
            "name": "Woking",
            "country": "England"
        },
        "E06000020": {
            "name": "Telford and Wrekin",
            "country": "England"
        },
        "E06000006": {
            "name": "Halton",
            "country": "England"
        },
        "E06000035": {
            "name": "Medway",
            "country": "England"
        },
        "W06000005": {
            "name": "Flintshire / Sir y Fflint",
            "country": "Wales"
        },
        "E07000246": {
            "name": "Somerset West and Taunton",
            "country": "England"
        },
        "N09000006": {
            "name": "Fermanagh and Omagh",
            "country": "Nothern Island"
        },
        "E07000036": {
            "name": "Erewash",
            "country": "England"
        },
        "S12000039": {
            "name": "West Dunbartonshire",
            "country": "Scotland"
        },
        "E08000008": {
            "name": "Tameside",
            "country": "England"
        },
        "E08000022": {
            "name": "North Tyneside",
            "country": "England"
        },
        "E07000065": {
            "name": "Wealden",
            "country": "England"
        },
        "E07000094": {
            "name": "Winchester",
            "country": "England"
        },
        "E08000037": {
            "name": "Gateshead",
            "country": "England"
        },
        "E07000114": {
            "name": "Thanet",
            "country": "England"
        },
        "E07000129": {
            "name": "Blaby",
            "country": "England"
        },
        "E07000143": {
            "name": "Breckland",
            "country": "England"
        },
        "E09000023": {
            "name": "Lewisham",
            "country": "England"
        },
        "E09000009": {
            "name": "Ealing",
            "country": "England"
        },
        "E07000172": {
            "name": "Broxtowe",
            "country": "England"
        },
        "E07000187": {
            "name": "Mendip",
            "country": "England"
        },
        "E07000207": {
            "name": "Elmbridge",
            "country": "England"
        },
        "E06000010": {
            "name": "Hull City",
            "country": "England"
        },
        "E07000221": {
            "name": "Stratford-on-Avon",
            "country": "England"
        },
        "E07000236": {
            "name": "Redditch",
            "country": "England"
        },
        "E06000025": {
            "name": "South Gloucestershire",
            "country": "England"
        },
        "E06000054": {
            "name": "Wiltshire",
            "country": "England"
        },
        "W06000024": {
            "name": "Merthyr Tydfil / Merthyr Tudful",
            "country": "Wales"
        },
        "N09000010": {
            "name": "Newry, Mourne and Down",
            "country": "Nothern Island"
        },
        "E07000011": {
            "name": "Huntingdonshire",
            "country": "England"
        },
        "E07000026": {
            "name": "Allerdale",
            "country": "England"
        },
        "E07000040": {
            "name": "East Devon",
            "country": "England"
        },
        "S12000014": {
            "name": "Falkirk",
            "country": "Scotland"
        },
        "S12000029": {
            "name": "South Lanarkshire",
            "country": "Scotland"
        },
        "E08000012": {
            "name": "Liverpool",
            "country": "England"
        },
        "E07000084": {
            "name": "Basingstoke and Deane",
            "country": "England"
        },
        "E08000027": {
            "name": "Dudley",
            "country": "England"
        },
        "E07000099": {
            "name": "North Hertfordshire",
            "country": "England"
        },
        "E07000119": {
            "name": "Fylde",
            "country": "England"
        },
        "E09000013": {
            "name": "Hammersmith and Fulham",
            "country": "England"
        },
        "E07000133": {
            "name": "Melton",
            "country": "England"
        },
        "E09000028": {
            "name": "Southwark",
            "country": "England"
        },
        "E07000148": {
            "name": "Norwich",
            "country": "England"
        },
        "E07000177": {
            "name": "Cherwell",
            "country": "England"
        },
        "E07000211": {
            "name": "Reigate and Banstead",
            "country": "England"
        },
        "E07000226": {
            "name": "Crawley",
            "country": "England"
        },
        "E06000015": {
            "name": "Derby",
            "country": "England"
        },
        "E07000240": {
            "name": "St Albans",
            "country": "England"
        },
        "E06000044": {
            "name": "Portsmouth",
            "country": "England"
        },
        "W06000014": {
            "name": "Vale of Glamorgan / Bro Morgannwg",
            "country": "Wales"
        },
        "E06000059": {
            "name": "Dorset",
            "country": "England"
        },
        "E07000030": {
            "name": "Eden",
            "country": "England"
        },
        "E07000045": {
            "name": "Teignbridge",
            "country": "England"
        },
        "S12000033": {
            "name": "Aberdeen City",
            "country": "Scotland"
        },
        "E08000002": {
            "name": "Bury",
            "country": "England"
        },
        "S12000019": {
            "name": "Midlothian",
            "country": "Scotland"
        },
        "S12000048": {
            "name": "Perth and Kinross",
            "country": "Scotland"
        },
        "E08000017": {
            "name": "Doncaster",
            "country": "England"
        },
        "E08000031": {
            "name": "Wolverhampton",
            "country": "England"
        },
        "E07000089": {
            "name": "Hart",
            "country": "England"
        },
        "E07000074": {
            "name": "Maldon",
            "country": "England"
        },
        "E07000109": {
            "name": "Gravesham",
            "country": "England"
        },
        "E09000003": {
            "name": "Barnet",
            "country": "England"
        },
        "E07000123": {
            "name": "Preston",
            "country": "England"
        },
        "E07000138": {
            "name": "Lincoln",
            "country": "England"
        },
        "E07000152": {
            "name": "East Northamptonshire",
            "country": "England"
        },
        "E09000032": {
            "name": "Wandsworth",
            "country": "England"
        },
        "E09000018": {
            "name": "Hounslow",
            "country": "England"
        },
        "E07000167": {
            "name": "Ryedale",
            "country": "England"
        },
        "E07000181": {
            "name": "West Oxfordshire",
            "country": "England"
        },
        "E07000196": {
            "name": "South Staffordshire",
            "country": "England"
        },
        "E06000005": {
            "name": "Darlington",
            "country": "England"
        },
        "E07000216": {
            "name": "Waverley",
            "country": "England"
        },
        "E06000034": {
            "name": "Thurrock",
            "country": "England"
        },
        "W06000004": {
            "name": "Denbighshire / Sir Ddinbych",
            "country": "Wales"
        },
        "E07000245": {
            "name": "West Suffolk",
            "country": "England"
        },
        "E06000049": {
            "name": "Cheshire East",
            "country": "England"
        },
        "W06000019": {
            "name": "Blaenau Gwent",
            "country": "Wales"
        },
        "N09000005": {
            "name": "Derry City and Strabane",
            "country": "Nothern Island"
        },
        "E07000035": {
            "name": "Derbyshire Dales",
            "country": "England"
        },
        "S12000023": {
            "name": "Orkney Islands",
            "country": "Scotland"
        },
        "E07000064": {
            "name": "Rother",
            "country": "England"
        },
        "E08000007": {
            "name": "Stockport",
            "country": "England"
        },
        "E08000021": {
            "name": "Newcastle upon Tyne",
            "country": "England"
        },
        "E07000079": {
            "name": "Cotswold",
            "country": "England"
        },
        "E07000093": {
            "name": "Test Valley",
            "country": "England"
        },
        "E08000036": {
            "name": "Wakefield",
            "country": "England"
        },
        "S12000038": {
            "name": "Renfrewshire",
            "country": "Scotland"
        },
        "E07000113": {
            "name": "Swale",
            "country": "England"
        },
        "E07000128": {
            "name": "Wyre",
            "country": "England"
        },
        "E09000008": {
            "name": "Croydon",
            "country": "England"
        },
        "E07000142": {
            "name": "West Lindsey",
            "country": "England"
        },
        "E09000022": {
            "name": "Lambeth",
            "country": "England"
        },
        "E07000171": {
            "name": "Bassetlaw",
            "country": "England"
        },
        "E07000220": {
            "name": "Rugby",
            "country": "England"
        },
        "E06000024": {
            "name": "North Somerset",
            "country": "England"
        },
        "E07000235": {
            "name": "Malvern Hills",
            "country": "England"
        },
        "E06000039": {
            "name": "Slough",
            "country": "England"
        },
        "W06000009": {
            "name": "Pembrokeshire / Sir Penfro",
            "country": "Wales"
        },
        "W06000023": {
            "name": "Powys",
            "country": "Wales"
        },
        "E07000010": {
            "name": "Fenland",
            "country": "England"
        },
        "E06000053": {
            "name": "Isles of Scilly",
            "country": "England"
        },
        "S12000013": {
            "name": "Na h-Eileanan Siar",
            "country": "Scotland"
        },
        "S12000028": {
            "name": "South Ayrshire",
            "country": "Scotland"
        },
        "S12000042": {
            "name": "Dundee City",
            "country": "Scotland"
        },
        "E08000011": {
            "name": "Knowsley",
            "country": "England"
        },
        "E07000069": {
            "name": "Castle Point",
            "country": "England"
        },
        "E07000083": {
            "name": "Tewkesbury",
            "country": "England"
        },
        "E08000026": {
            "name": "Coventry",
            "country": "England"
        },
        "E07000103": {
            "name": "Watford",
            "country": "England"
        },
        "E07000098": {
            "name": "Hertsmere",
            "country": "England"
        },
        "E07000118": {
            "name": "Chorley",
            "country": "England"
        },
        "E07000132": {
            "name": "Hinckley and Bosworth",
            "country": "England"
        },
        "E09000012": {
            "name": "Hackney",
            "country": "England"
        },
        "E07000147": {
            "name": "North Norfolk",
            "country": "England"
        },
        "E09000027": {
            "name": "Richmond upon Thames",
            "country": "England"
        },
        "E07000176": {
            "name": "Rushcliffe",
            "country": "England"
        },
        "E07000210": {
            "name": "Mole Valley",
            "country": "England"
        },
        "E06000014": {
            "name": "York",
            "country": "England"
        },
        "E07000225": {
            "name": "Chichester",
            "country": "England"
        },
        "E06000043": {
            "name": "Brighton and Hove",
            "country": "England"
        },
        "W06000013": {
            "name": "Bridgend / Pen-y-bont ar Ogwr",
            "country": "Wales"
        },
        "E06000058": {
            "name": "Bournemouth, Christchurch and Poole",
            "country": "England"
        },
        "S12000018": {
            "name": "Inverclyde",
            "country": "Scotland"
        },
        "E07000044": {
            "name": "South Hams",
            "country": "England"
        },
        "E08000001": {
            "name": "Bolton",
            "country": "England"
        },
        "E07000073": {
            "name": "Harlow",
            "country": "England"
        },
        "E08000016": {
            "name": "Barnsley",
            "country": "England"
        },
        "E08000030": {
            "name": "Walsall",
            "country": "England"
        },
        "E07000088": {
            "name": "Gosport",
            "country": "England"
        },
        "S12000047": {
            "name": "Fife",
            "country": "Scotland"
        },
        "E07000108": {
            "name": "Dover",
            "country": "England"
        },
        "E07000122": {
            "name": "Pendle",
            "country": "England"
        },
        "E09000002": {
            "name": "Barking and Dagenham",
            "country": "England"
        },
        "E09000017": {
            "name": "Hillingdon",
            "country": "England"
        },
        "E07000151": {
            "name": "Daventry",
            "country": "England"
        },
        "E09000031": {
            "name": "Waltham Forest",
            "country": "England"
        },
        "E07000137": {
            "name": "East Lindsey",
            "country": "England"
        },
        "E07000166": {
            "name": "Richmondshire",
            "country": "England"
        },
        "E07000180": {
            "name": "Vale of White Horse",
            "country": "England"
        },
        "E07000200": {
            "name": "Babergh",
            "country": "England"
        },
        "E07000195": {
            "name": "Newcastle-under-Lyme",
            "country": "England"
        },
        "E06000004": {
            "name": "Stockton-on-Tees",
            "country": "England"
        },
        "E07000215": {
            "name": "Tandridge",
            "country": "England"
        },
        "E06000019": {
            "name": "Herefordshire",
            "country": "England"
        },
        "E06000033": {
            "name": "Southend-on-Sea",
            "country": "England"
        },
        "E07000244": {
            "name": "East Suffolk",
            "country": "England"
        },
        "W06000003": {
            "name": "Conwy",
            "country": "Wales"
        }
    }
